ts_rgb0 (s),path_rgb0
0.00000,rgb_0/0000000000.jpg
0.03333,rgb_0/0000000001.jpg
0.06667,rgb_0/0000000002.jpg
0.10000,rgb_0/0000000003.jpg
0.13333,rgb_0/0000000004.jpg
0.16667,rgb_0/0000000005.jpg
0.20000,rgb_0/0000000006.jpg
0.23333,rgb_0/0000000007.jpg
0.26667,rgb_0/0000000008.jpg
0.30000,rgb_0/0000000009.jpg
0.33333,rgb_0/0000000010.jpg
0.36667,rgb_0/0000000011.jpg
0.40000,rgb_0/0000000012.jpg
0.43333,rgb_0/0000000013.jpg
0.46667,rgb_0/0000000014.jpg
0.50000,rgb_0/0000000015.jpg
0.53333,rgb_0/0000000016.jpg
0.56667,rgb_0/0000000017.jpg
0.60000,rgb_0/0000000018.jpg
0.63333,rgb_0/0000000019.jpg
0.66667,rgb_0/0000000020.jpg
0.70000,rgb_0/0000000021.jpg
0.73333,rgb_0/0000000022.jpg
0.76667,rgb_0/0000000023.jpg
0.80000,rgb_0/0000000024.jpg
0.83333,rgb_0/0000000025.jpg
0.86667,rgb_0/0000000026.jpg
0.90000,rgb_0/0000000027.jpg
0.93333,rgb_0/0000000028.jpg
0.96667,rgb_0/0000000029.jpg
1.00000,rgb_0/0000000030.jpg
1.03333,rgb_0/0000000031.jpg
1.06667,rgb_0/0000000032.jpg
1.10000,rgb_0/0000000033.jpg
1.13333,rgb_0/0000000034.jpg
1.16667,rgb_0/0000000035.jpg
1.20000,rgb_0/0000000036.jpg
1.23333,rgb_0/0000000037.jpg
1.26667,rgb_0/0000000038.jpg
1.30000,rgb_0/0000000039.jpg
1.33333,rgb_0/0000000040.jpg
1.36667,rgb_0/0000000041.jpg
1.40000,rgb_0/0000000042.jpg
1.43333,rgb_0/0000000043.jpg
1.46667,rgb_0/0000000044.jpg
1.50000,rgb_0/0000000045.jpg
1.53333,rgb_0/0000000046.jpg
1.56667,rgb_0/0000000047.jpg
1.60000,rgb_0/0000000048.jpg
1.63333,rgb_0/0000000049.jpg
1.66667,rgb_0/0000000050.jpg
1.70000,rgb_0/0000000051.jpg
1.73333,rgb_0/0000000052.jpg
1.76667,rgb_0/0000000053.jpg
1.80000,rgb_0/0000000054.jpg
1.83333,rgb_0/0000000055.jpg
1.86667,rgb_0/0000000056.jpg
1.90000,rgb_0/0000000057.jpg
1.93333,rgb_0/0000000058.jpg
1.96667,rgb_0/0000000059.jpg
2.00000,rgb_0/0000000060.jpg
2.03333,rgb_0/0000000061.jpg
2.06667,rgb_0/0000000062.jpg
2.10000,rgb_0/0000000063.jpg
2.13333,rgb_0/0000000064.jpg
2.16667,rgb_0/0000000065.jpg
2.20000,rgb_0/0000000066.jpg
2.23333,rgb_0/0000000067.jpg
2.26667,rgb_0/0000000068.jpg
2.30000,rgb_0/0000000069.jpg
2.33333,rgb_0/0000000070.jpg
2.36667,rgb_0/0000000071.jpg
2.40000,rgb_0/0000000072.jpg
2.43333,rgb_0/0000000073.jpg
2.46667,rgb_0/0000000074.jpg
2.50000,rgb_0/0000000075.jpg
2.53333,rgb_0/0000000076.jpg
2.56667,rgb_0/0000000077.jpg
2.60000,rgb_0/0000000078.jpg
2.63333,rgb_0/0000000079.jpg
2.66667,rgb_0/0000000080.jpg
2.70000,rgb_0/0000000081.jpg
2.73333,rgb_0/0000000082.jpg
2.76667,rgb_0/0000000083.jpg
2.80000,rgb_0/0000000084.jpg
2.83333,rgb_0/0000000085.jpg
2.86667,rgb_0/0000000086.jpg
2.90000,rgb_0/0000000087.jpg
2.93333,rgb_0/0000000088.jpg
2.96667,rgb_0/0000000089.jpg
3.00000,rgb_0/0000000090.jpg
3.03333,rgb_0/0000000091.jpg
3.06667,rgb_0/0000000092.jpg
3.10000,rgb_0/0000000093.jpg
3.13333,rgb_0/0000000094.jpg
3.16667,rgb_0/0000000095.jpg
3.20000,rgb_0/0000000096.jpg
3.23333,rgb_0/0000000097.jpg
3.26667,rgb_0/0000000098.jpg
3.30000,rgb_0/0000000099.jpg
3.33333,rgb_0/0000000100.jpg
3.36667,rgb_0/0000000101.jpg
3.40000,rgb_0/0000000102.jpg
3.43333,rgb_0/0000000103.jpg
3.46667,rgb_0/0000000104.jpg
3.50000,rgb_0/0000000105.jpg
3.53333,rgb_0/0000000106.jpg
3.56667,rgb_0/0000000107.jpg
3.60000,rgb_0/0000000108.jpg
3.63333,rgb_0/0000000109.jpg
3.66667,rgb_0/0000000110.jpg
3.70000,rgb_0/0000000111.jpg
3.73333,rgb_0/0000000112.jpg
3.76667,rgb_0/0000000113.jpg
3.80000,rgb_0/0000000114.jpg
3.83333,rgb_0/0000000115.jpg
3.86667,rgb_0/0000000116.jpg
3.90000,rgb_0/0000000117.jpg
3.93333,rgb_0/0000000118.jpg
3.96667,rgb_0/0000000119.jpg
4.00000,rgb_0/0000000120.jpg
4.03333,rgb_0/0000000121.jpg
4.06667,rgb_0/0000000122.jpg
4.10000,rgb_0/0000000123.jpg
4.13333,rgb_0/0000000124.jpg
4.16667,rgb_0/0000000125.jpg
4.20000,rgb_0/0000000126.jpg
4.23333,rgb_0/0000000127.jpg
4.26667,rgb_0/0000000128.jpg
4.30000,rgb_0/0000000129.jpg
4.33333,rgb_0/0000000130.jpg
4.36667,rgb_0/0000000131.jpg
4.40000,rgb_0/0000000132.jpg
4.43333,rgb_0/0000000133.jpg
4.46667,rgb_0/0000000134.jpg
4.50000,rgb_0/0000000135.jpg
4.53333,rgb_0/0000000136.jpg
4.56667,rgb_0/0000000137.jpg
4.60000,rgb_0/0000000138.jpg
4.63333,rgb_0/0000000139.jpg
4.66667,rgb_0/0000000140.jpg
4.70000,rgb_0/0000000141.jpg
4.73333,rgb_0/0000000142.jpg
4.76667,rgb_0/0000000143.jpg
4.80000,rgb_0/0000000144.jpg
4.83333,rgb_0/0000000145.jpg
4.86667,rgb_0/0000000146.jpg
4.90000,rgb_0/0000000147.jpg
4.93333,rgb_0/0000000148.jpg
4.96667,rgb_0/0000000149.jpg
5.00000,rgb_0/0000000150.jpg
5.03333,rgb_0/0000000151.jpg
5.06667,rgb_0/0000000152.jpg
5.10000,rgb_0/0000000153.jpg
5.13333,rgb_0/0000000154.jpg
5.16667,rgb_0/0000000155.jpg
5.20000,rgb_0/0000000156.jpg
5.23333,rgb_0/0000000157.jpg
5.26667,rgb_0/0000000158.jpg
5.30000,rgb_0/0000000159.jpg
5.33333,rgb_0/0000000160.jpg
5.36667,rgb_0/0000000161.jpg
5.40000,rgb_0/0000000162.jpg
5.43333,rgb_0/0000000163.jpg
5.46667,rgb_0/0000000164.jpg
5.50000,rgb_0/0000000165.jpg
5.53333,rgb_0/0000000166.jpg
5.56667,rgb_0/0000000167.jpg
5.60000,rgb_0/0000000168.jpg
5.63333,rgb_0/0000000169.jpg
5.66667,rgb_0/0000000170.jpg
5.70000,rgb_0/0000000171.jpg
5.73333,rgb_0/0000000172.jpg
5.76667,rgb_0/0000000173.jpg
5.80000,rgb_0/0000000174.jpg
5.83333,rgb_0/0000000175.jpg
5.86667,rgb_0/0000000176.jpg
5.90000,rgb_0/0000000177.jpg
5.93333,rgb_0/0000000178.jpg
5.96667,rgb_0/0000000179.jpg
6.00000,rgb_0/0000000180.jpg
6.03333,rgb_0/0000000181.jpg
6.06667,rgb_0/0000000182.jpg
6.10000,rgb_0/0000000183.jpg
6.13333,rgb_0/0000000184.jpg
6.16667,rgb_0/0000000185.jpg
6.20000,rgb_0/0000000186.jpg
6.23333,rgb_0/0000000187.jpg
6.26667,rgb_0/0000000188.jpg
6.30000,rgb_0/0000000189.jpg
6.33333,rgb_0/0000000190.jpg
6.36667,rgb_0/0000000191.jpg
6.40000,rgb_0/0000000192.jpg
6.43333,rgb_0/0000000193.jpg
6.46667,rgb_0/0000000194.jpg
6.50000,rgb_0/0000000195.jpg
6.53333,rgb_0/0000000196.jpg
6.56667,rgb_0/0000000197.jpg
6.60000,rgb_0/0000000198.jpg
6.63333,rgb_0/0000000199.jpg
6.66667,rgb_0/0000000200.jpg
6.70000,rgb_0/0000000201.jpg
6.73333,rgb_0/0000000202.jpg
6.76667,rgb_0/0000000203.jpg
6.80000,rgb_0/0000000204.jpg
6.83333,rgb_0/0000000205.jpg
6.86667,rgb_0/0000000206.jpg
6.90000,rgb_0/0000000207.jpg
6.93333,rgb_0/0000000208.jpg
6.96667,rgb_0/0000000209.jpg
7.00000,rgb_0/0000000210.jpg
7.03333,rgb_0/0000000211.jpg
7.06667,rgb_0/0000000212.jpg
7.10000,rgb_0/0000000213.jpg
7.13333,rgb_0/0000000214.jpg
7.16667,rgb_0/0000000215.jpg
7.20000,rgb_0/0000000216.jpg
7.23333,rgb_0/0000000217.jpg
7.26667,rgb_0/0000000218.jpg
7.30000,rgb_0/0000000219.jpg
7.33333,rgb_0/0000000220.jpg
7.36667,rgb_0/0000000221.jpg
7.40000,rgb_0/0000000222.jpg
7.43333,rgb_0/0000000223.jpg
7.46667,rgb_0/0000000224.jpg
7.50000,rgb_0/0000000225.jpg
7.53333,rgb_0/0000000226.jpg
7.56667,rgb_0/0000000227.jpg
7.60000,rgb_0/0000000228.jpg
7.63333,rgb_0/0000000229.jpg
7.66667,rgb_0/0000000230.jpg
7.70000,rgb_0/0000000231.jpg
7.73333,rgb_0/0000000232.jpg
7.76667,rgb_0/0000000233.jpg
7.80000,rgb_0/0000000234.jpg
7.83333,rgb_0/0000000235.jpg
7.86667,rgb_0/0000000236.jpg
7.90000,rgb_0/0000000237.jpg
7.93333,rgb_0/0000000238.jpg
7.96667,rgb_0/0000000239.jpg
8.00000,rgb_0/0000000240.jpg
8.03333,rgb_0/0000000241.jpg
8.06667,rgb_0/0000000242.jpg
8.10000,rgb_0/0000000243.jpg
8.13333,rgb_0/0000000244.jpg
8.16667,rgb_0/0000000245.jpg
8.20000,rgb_0/0000000246.jpg
8.23333,rgb_0/0000000247.jpg
8.26667,rgb_0/0000000248.jpg
8.30000,rgb_0/0000000249.jpg
8.33333,rgb_0/0000000250.jpg
8.36667,rgb_0/0000000251.jpg
8.40000,rgb_0/0000000252.jpg
8.43333,rgb_0/0000000253.jpg
8.46667,rgb_0/0000000254.jpg
8.50000,rgb_0/0000000255.jpg
8.53333,rgb_0/0000000256.jpg
8.56667,rgb_0/0000000257.jpg
8.60000,rgb_0/0000000258.jpg
8.63333,rgb_0/0000000259.jpg
8.66667,rgb_0/0000000260.jpg
8.70000,rgb_0/0000000261.jpg
8.73333,rgb_0/0000000262.jpg
8.76667,rgb_0/0000000263.jpg
8.80000,rgb_0/0000000264.jpg
8.83333,rgb_0/0000000265.jpg
8.86667,rgb_0/0000000266.jpg
8.90000,rgb_0/0000000267.jpg
8.93333,rgb_0/0000000268.jpg
8.96667,rgb_0/0000000269.jpg
9.00000,rgb_0/0000000270.jpg
9.03333,rgb_0/0000000271.jpg
9.06667,rgb_0/0000000272.jpg
9.10000,rgb_0/0000000273.jpg
9.13333,rgb_0/0000000274.jpg
9.16667,rgb_0/0000000275.jpg
9.20000,rgb_0/0000000276.jpg
9.23333,rgb_0/0000000277.jpg
9.26667,rgb_0/0000000278.jpg
9.30000,rgb_0/0000000279.jpg
9.33333,rgb_0/0000000280.jpg
9.36667,rgb_0/0000000281.jpg
9.40000,rgb_0/0000000282.jpg
9.43333,rgb_0/0000000283.jpg
9.46667,rgb_0/0000000284.jpg
9.50000,rgb_0/0000000285.jpg
9.53333,rgb_0/0000000286.jpg
9.56667,rgb_0/0000000287.jpg
9.60000,rgb_0/0000000288.jpg
9.63333,rgb_0/0000000289.jpg
9.66667,rgb_0/0000000290.jpg
9.70000,rgb_0/0000000291.jpg
9.73333,rgb_0/0000000292.jpg
9.76667,rgb_0/0000000293.jpg
9.80000,rgb_0/0000000294.jpg
9.83333,rgb_0/0000000295.jpg
9.86667,rgb_0/0000000296.jpg
9.90000,rgb_0/0000000297.jpg
9.93333,rgb_0/0000000298.jpg
9.96667,rgb_0/0000000299.jpg
10.00000,rgb_0/0000000300.jpg
10.03333,rgb_0/0000000301.jpg
10.06667,rgb_0/0000000302.jpg
10.10000,rgb_0/0000000303.jpg
10.13333,rgb_0/0000000304.jpg
10.16667,rgb_0/0000000305.jpg
10.20000,rgb_0/0000000306.jpg
10.23333,rgb_0/0000000307.jpg
10.26667,rgb_0/0000000308.jpg
10.30000,rgb_0/0000000309.jpg
10.33333,rgb_0/0000000310.jpg
10.36667,rgb_0/0000000311.jpg
10.40000,rgb_0/0000000312.jpg
10.43333,rgb_0/0000000313.jpg
10.46667,rgb_0/0000000314.jpg
10.50000,rgb_0/0000000315.jpg
10.53333,rgb_0/0000000316.jpg
10.56667,rgb_0/0000000317.jpg
10.60000,rgb_0/0000000318.jpg
10.63333,rgb_0/0000000319.jpg
10.66667,rgb_0/0000000320.jpg
10.70000,rgb_0/0000000321.jpg
10.73333,rgb_0/0000000322.jpg
10.76667,rgb_0/0000000323.jpg
10.80000,rgb_0/0000000324.jpg
10.83333,rgb_0/0000000325.jpg
10.86667,rgb_0/0000000326.jpg
10.90000,rgb_0/0000000327.jpg
10.93333,rgb_0/0000000328.jpg
10.96667,rgb_0/0000000329.jpg
11.00000,rgb_0/0000000330.jpg
11.03333,rgb_0/0000000331.jpg
11.06667,rgb_0/0000000332.jpg
11.10000,rgb_0/0000000333.jpg
11.13333,rgb_0/0000000334.jpg
11.16667,rgb_0/0000000335.jpg
11.20000,rgb_0/0000000336.jpg
11.23333,rgb_0/0000000337.jpg
11.26667,rgb_0/0000000338.jpg
11.30000,rgb_0/0000000339.jpg
11.33333,rgb_0/0000000340.jpg
11.36667,rgb_0/0000000341.jpg
11.40000,rgb_0/0000000342.jpg
11.43333,rgb_0/0000000343.jpg
11.46667,rgb_0/0000000344.jpg
11.50000,rgb_0/0000000345.jpg
11.53333,rgb_0/0000000346.jpg
11.56667,rgb_0/0000000347.jpg
11.60000,rgb_0/0000000348.jpg
11.63333,rgb_0/0000000349.jpg
11.66667,rgb_0/0000000350.jpg
11.70000,rgb_0/0000000351.jpg
11.73333,rgb_0/0000000352.jpg
11.76667,rgb_0/0000000353.jpg
11.80000,rgb_0/0000000354.jpg
11.83333,rgb_0/0000000355.jpg
11.86667,rgb_0/0000000356.jpg
11.90000,rgb_0/0000000357.jpg
11.93333,rgb_0/0000000358.jpg
11.96667,rgb_0/0000000359.jpg
12.00000,rgb_0/0000000360.jpg
12.03333,rgb_0/0000000361.jpg
12.06667,rgb_0/0000000362.jpg
12.10000,rgb_0/0000000363.jpg
12.13333,rgb_0/0000000364.jpg
12.16667,rgb_0/0000000365.jpg
12.20000,rgb_0/0000000366.jpg
12.23333,rgb_0/0000000367.jpg
12.26667,rgb_0/0000000368.jpg
12.30000,rgb_0/0000000369.jpg
12.33333,rgb_0/0000000370.jpg
12.36667,rgb_0/0000000371.jpg
12.40000,rgb_0/0000000372.jpg
12.43333,rgb_0/0000000373.jpg
12.46667,rgb_0/0000000374.jpg
12.50000,rgb_0/0000000375.jpg
12.53333,rgb_0/0000000376.jpg
12.56667,rgb_0/0000000377.jpg
12.60000,rgb_0/0000000378.jpg
12.63333,rgb_0/0000000379.jpg
12.66667,rgb_0/0000000380.jpg
12.70000,rgb_0/0000000381.jpg
12.73333,rgb_0/0000000382.jpg
12.76667,rgb_0/0000000383.jpg
12.80000,rgb_0/0000000384.jpg
12.83333,rgb_0/0000000385.jpg
12.86667,rgb_0/0000000386.jpg
12.90000,rgb_0/0000000387.jpg
12.93333,rgb_0/0000000388.jpg
12.96667,rgb_0/0000000389.jpg
13.00000,rgb_0/0000000390.jpg
13.03333,rgb_0/0000000391.jpg
13.06667,rgb_0/0000000392.jpg
13.10000,rgb_0/0000000393.jpg
13.13333,rgb_0/0000000394.jpg
13.16667,rgb_0/0000000395.jpg
13.20000,rgb_0/0000000396.jpg
13.23333,rgb_0/0000000397.jpg
13.26667,rgb_0/0000000398.jpg
13.30000,rgb_0/0000000399.jpg
13.33333,rgb_0/0000000400.jpg
13.36667,rgb_0/0000000401.jpg
13.40000,rgb_0/0000000402.jpg
13.43333,rgb_0/0000000403.jpg
13.46667,rgb_0/0000000404.jpg
13.50000,rgb_0/0000000405.jpg
13.53333,rgb_0/0000000406.jpg
13.56667,rgb_0/0000000407.jpg
13.60000,rgb_0/0000000408.jpg
13.63333,rgb_0/0000000409.jpg
13.66667,rgb_0/0000000410.jpg
13.70000,rgb_0/0000000411.jpg
13.73333,rgb_0/0000000412.jpg
13.76667,rgb_0/0000000413.jpg
13.80000,rgb_0/0000000414.jpg
13.83333,rgb_0/0000000415.jpg
13.86667,rgb_0/0000000416.jpg
13.90000,rgb_0/0000000417.jpg
13.93333,rgb_0/0000000418.jpg
13.96667,rgb_0/0000000419.jpg
14.00000,rgb_0/0000000420.jpg
14.03333,rgb_0/0000000421.jpg
14.06667,rgb_0/0000000422.jpg
14.10000,rgb_0/0000000423.jpg
14.13333,rgb_0/0000000424.jpg
14.16667,rgb_0/0000000425.jpg
14.20000,rgb_0/0000000426.jpg
14.23333,rgb_0/0000000427.jpg
14.26667,rgb_0/0000000428.jpg
14.30000,rgb_0/0000000429.jpg
14.33333,rgb_0/0000000430.jpg
14.36667,rgb_0/0000000431.jpg
14.40000,rgb_0/0000000432.jpg
14.43333,rgb_0/0000000433.jpg
14.46667,rgb_0/0000000434.jpg
14.50000,rgb_0/0000000435.jpg
14.53333,rgb_0/0000000436.jpg
14.56667,rgb_0/0000000437.jpg
14.60000,rgb_0/0000000438.jpg
14.63333,rgb_0/0000000439.jpg
14.66667,rgb_0/0000000440.jpg
14.70000,rgb_0/0000000441.jpg
14.73333,rgb_0/0000000442.jpg
14.76667,rgb_0/0000000443.jpg
14.80000,rgb_0/0000000444.jpg
14.83333,rgb_0/0000000445.jpg
14.86667,rgb_0/0000000446.jpg
14.90000,rgb_0/0000000447.jpg
14.93333,rgb_0/0000000448.jpg
14.96667,rgb_0/0000000449.jpg
15.00000,rgb_0/0000000450.jpg
15.03333,rgb_0/0000000451.jpg
15.06667,rgb_0/0000000452.jpg
15.10000,rgb_0/0000000453.jpg
15.13333,rgb_0/0000000454.jpg
15.16667,rgb_0/0000000455.jpg
15.20000,rgb_0/0000000456.jpg
15.23333,rgb_0/0000000457.jpg
15.26667,rgb_0/0000000458.jpg
15.30000,rgb_0/0000000459.jpg
15.33333,rgb_0/0000000460.jpg
15.36667,rgb_0/0000000461.jpg
15.40000,rgb_0/0000000462.jpg
15.43333,rgb_0/0000000463.jpg
15.46667,rgb_0/0000000464.jpg
15.50000,rgb_0/0000000465.jpg
15.53333,rgb_0/0000000466.jpg
15.56667,rgb_0/0000000467.jpg
15.60000,rgb_0/0000000468.jpg
15.63333,rgb_0/0000000469.jpg
15.66667,rgb_0/0000000470.jpg
15.70000,rgb_0/0000000471.jpg
15.73333,rgb_0/0000000472.jpg
15.76667,rgb_0/0000000473.jpg
15.80000,rgb_0/0000000474.jpg
15.83333,rgb_0/0000000475.jpg
15.86667,rgb_0/0000000476.jpg
15.90000,rgb_0/0000000477.jpg
15.93333,rgb_0/0000000478.jpg
15.96667,rgb_0/0000000479.jpg
16.00000,rgb_0/0000000480.jpg
16.03333,rgb_0/0000000481.jpg
16.06667,rgb_0/0000000482.jpg
16.10000,rgb_0/0000000483.jpg
16.13333,rgb_0/0000000484.jpg
16.16667,rgb_0/0000000485.jpg
16.20000,rgb_0/0000000486.jpg
16.23333,rgb_0/0000000487.jpg
16.26667,rgb_0/0000000488.jpg
16.30000,rgb_0/0000000489.jpg
16.33333,rgb_0/0000000490.jpg
16.36667,rgb_0/0000000491.jpg
16.40000,rgb_0/0000000492.jpg
16.43333,rgb_0/0000000493.jpg
16.46667,rgb_0/0000000494.jpg
16.50000,rgb_0/0000000495.jpg
16.53333,rgb_0/0000000496.jpg
16.56667,rgb_0/0000000497.jpg
16.60000,rgb_0/0000000498.jpg
16.63333,rgb_0/0000000499.jpg
16.66667,rgb_0/0000000500.jpg
16.70000,rgb_0/0000000501.jpg
16.73333,rgb_0/0000000502.jpg
16.76667,rgb_0/0000000503.jpg
16.80000,rgb_0/0000000504.jpg
16.83333,rgb_0/0000000505.jpg
16.86667,rgb_0/0000000506.jpg
16.90000,rgb_0/0000000507.jpg
16.93333,rgb_0/0000000508.jpg
16.96667,rgb_0/0000000509.jpg
17.00000,rgb_0/0000000510.jpg
17.03333,rgb_0/0000000511.jpg
17.06667,rgb_0/0000000512.jpg
17.10000,rgb_0/0000000513.jpg
17.13333,rgb_0/0000000514.jpg
17.16667,rgb_0/0000000515.jpg
17.20000,rgb_0/0000000516.jpg
17.23333,rgb_0/0000000517.jpg
17.26667,rgb_0/0000000518.jpg
17.30000,rgb_0/0000000519.jpg
17.33333,rgb_0/0000000520.jpg
17.36667,rgb_0/0000000521.jpg
17.40000,rgb_0/0000000522.jpg
17.43333,rgb_0/0000000523.jpg
17.46667,rgb_0/0000000524.jpg
17.50000,rgb_0/0000000525.jpg
17.53333,rgb_0/0000000526.jpg
17.56667,rgb_0/0000000527.jpg
17.60000,rgb_0/0000000528.jpg
17.63333,rgb_0/0000000529.jpg
17.66667,rgb_0/0000000530.jpg
17.70000,rgb_0/0000000531.jpg
17.73333,rgb_0/0000000532.jpg
17.76667,rgb_0/0000000533.jpg
17.80000,rgb_0/0000000534.jpg
17.83333,rgb_0/0000000535.jpg
17.86667,rgb_0/0000000536.jpg
17.90000,rgb_0/0000000537.jpg
17.93333,rgb_0/0000000538.jpg
17.96667,rgb_0/0000000539.jpg
18.00000,rgb_0/0000000540.jpg
18.03333,rgb_0/0000000541.jpg
18.06667,rgb_0/0000000542.jpg
18.10000,rgb_0/0000000543.jpg
18.13333,rgb_0/0000000544.jpg
18.16667,rgb_0/0000000545.jpg
18.20000,rgb_0/0000000546.jpg
18.23333,rgb_0/0000000547.jpg
18.26667,rgb_0/0000000548.jpg
18.30000,rgb_0/0000000549.jpg
18.33333,rgb_0/0000000550.jpg
18.36667,rgb_0/0000000551.jpg
18.40000,rgb_0/0000000552.jpg
18.43333,rgb_0/0000000553.jpg
18.46667,rgb_0/0000000554.jpg
18.50000,rgb_0/0000000555.jpg
18.53333,rgb_0/0000000556.jpg
18.56667,rgb_0/0000000557.jpg
18.60000,rgb_0/0000000558.jpg
18.63333,rgb_0/0000000559.jpg
18.66667,rgb_0/0000000560.jpg
18.70000,rgb_0/0000000561.jpg
18.73333,rgb_0/0000000562.jpg
18.76667,rgb_0/0000000563.jpg
18.80000,rgb_0/0000000564.jpg
18.83333,rgb_0/0000000565.jpg
18.86667,rgb_0/0000000566.jpg
18.90000,rgb_0/0000000567.jpg
18.93333,rgb_0/0000000568.jpg
18.96667,rgb_0/0000000569.jpg
19.00000,rgb_0/0000000570.jpg
19.03333,rgb_0/0000000571.jpg
19.06667,rgb_0/0000000572.jpg
19.10000,rgb_0/0000000573.jpg
19.13333,rgb_0/0000000574.jpg
19.16667,rgb_0/0000000575.jpg
19.20000,rgb_0/0000000576.jpg
19.23333,rgb_0/0000000577.jpg
19.26667,rgb_0/0000000578.jpg
19.30000,rgb_0/0000000579.jpg
19.33333,rgb_0/0000000580.jpg
19.36667,rgb_0/0000000581.jpg
19.40000,rgb_0/0000000582.jpg
19.43333,rgb_0/0000000583.jpg
19.46667,rgb_0/0000000584.jpg
19.50000,rgb_0/0000000585.jpg
19.53333,rgb_0/0000000586.jpg
19.56667,rgb_0/0000000587.jpg
19.60000,rgb_0/0000000588.jpg
19.63333,rgb_0/0000000589.jpg
19.66667,rgb_0/0000000590.jpg
19.70000,rgb_0/0000000591.jpg
19.73333,rgb_0/0000000592.jpg
19.76667,rgb_0/0000000593.jpg
19.80000,rgb_0/0000000594.jpg
19.83333,rgb_0/0000000595.jpg
19.86667,rgb_0/0000000596.jpg
19.90000,rgb_0/0000000597.jpg
19.93333,rgb_0/0000000598.jpg
19.96667,rgb_0/0000000599.jpg
20.00000,rgb_0/0000000600.jpg
20.03333,rgb_0/0000000601.jpg
20.06667,rgb_0/0000000602.jpg
20.10000,rgb_0/0000000603.jpg
20.13333,rgb_0/0000000604.jpg
20.16667,rgb_0/0000000605.jpg
20.20000,rgb_0/0000000606.jpg
20.23333,rgb_0/0000000607.jpg
20.26667,rgb_0/0000000608.jpg
20.30000,rgb_0/0000000609.jpg
20.33333,rgb_0/0000000610.jpg
20.36667,rgb_0/0000000611.jpg
20.40000,rgb_0/0000000612.jpg
20.43333,rgb_0/0000000613.jpg
20.46667,rgb_0/0000000614.jpg
20.50000,rgb_0/0000000615.jpg
20.53333,rgb_0/0000000616.jpg
20.56667,rgb_0/0000000617.jpg
20.60000,rgb_0/0000000618.jpg
20.63333,rgb_0/0000000619.jpg
20.66667,rgb_0/0000000620.jpg
20.70000,rgb_0/0000000621.jpg
20.73333,rgb_0/0000000622.jpg
20.76667,rgb_0/0000000623.jpg
20.80000,rgb_0/0000000624.jpg
20.83333,rgb_0/0000000625.jpg
20.86667,rgb_0/0000000626.jpg
20.90000,rgb_0/0000000627.jpg
20.93333,rgb_0/0000000628.jpg
20.96667,rgb_0/0000000629.jpg
21.00000,rgb_0/0000000630.jpg
21.03333,rgb_0/0000000631.jpg
21.06667,rgb_0/0000000632.jpg
21.10000,rgb_0/0000000633.jpg
21.13333,rgb_0/0000000634.jpg
21.16667,rgb_0/0000000635.jpg
21.20000,rgb_0/0000000636.jpg
21.23333,rgb_0/0000000637.jpg
21.26667,rgb_0/0000000638.jpg
21.30000,rgb_0/0000000639.jpg
21.33333,rgb_0/0000000640.jpg
21.36667,rgb_0/0000000641.jpg
21.40000,rgb_0/0000000642.jpg
21.43333,rgb_0/0000000643.jpg
21.46667,rgb_0/0000000644.jpg
21.50000,rgb_0/0000000645.jpg
21.53333,rgb_0/0000000646.jpg
21.56667,rgb_0/0000000647.jpg
21.60000,rgb_0/0000000648.jpg
21.63333,rgb_0/0000000649.jpg
21.66667,rgb_0/0000000650.jpg
21.70000,rgb_0/0000000651.jpg
21.73333,rgb_0/0000000652.jpg
21.76667,rgb_0/0000000653.jpg
21.80000,rgb_0/0000000654.jpg
21.83333,rgb_0/0000000655.jpg
21.86667,rgb_0/0000000656.jpg
21.90000,rgb_0/0000000657.jpg
21.93333,rgb_0/0000000658.jpg
21.96667,rgb_0/0000000659.jpg
22.00000,rgb_0/0000000660.jpg
22.03333,rgb_0/0000000661.jpg
22.06667,rgb_0/0000000662.jpg
22.10000,rgb_0/0000000663.jpg
22.13333,rgb_0/0000000664.jpg
22.16667,rgb_0/0000000665.jpg
22.20000,rgb_0/0000000666.jpg
22.23333,rgb_0/0000000667.jpg
22.26667,rgb_0/0000000668.jpg
22.30000,rgb_0/0000000669.jpg
22.33333,rgb_0/0000000670.jpg
22.36667,rgb_0/0000000671.jpg
22.40000,rgb_0/0000000672.jpg
22.43333,rgb_0/0000000673.jpg
22.46667,rgb_0/0000000674.jpg
22.50000,rgb_0/0000000675.jpg
22.53333,rgb_0/0000000676.jpg
22.56667,rgb_0/0000000677.jpg
22.60000,rgb_0/0000000678.jpg
22.63333,rgb_0/0000000679.jpg
22.66667,rgb_0/0000000680.jpg
22.70000,rgb_0/0000000681.jpg
22.73333,rgb_0/0000000682.jpg
22.76667,rgb_0/0000000683.jpg
22.80000,rgb_0/0000000684.jpg
22.83333,rgb_0/0000000685.jpg
22.86667,rgb_0/0000000686.jpg
22.90000,rgb_0/0000000687.jpg
22.93333,rgb_0/0000000688.jpg
22.96667,rgb_0/0000000689.jpg
23.00000,rgb_0/0000000690.jpg
23.03333,rgb_0/0000000691.jpg
23.06667,rgb_0/0000000692.jpg
23.10000,rgb_0/0000000693.jpg
23.13333,rgb_0/0000000694.jpg
23.16667,rgb_0/0000000695.jpg
23.20000,rgb_0/0000000696.jpg
23.23333,rgb_0/0000000697.jpg
23.26667,rgb_0/0000000698.jpg
23.30000,rgb_0/0000000699.jpg
23.33333,rgb_0/0000000700.jpg
23.36667,rgb_0/0000000701.jpg
23.40000,rgb_0/0000000702.jpg
23.43333,rgb_0/0000000703.jpg
23.46667,rgb_0/0000000704.jpg
23.50000,rgb_0/0000000705.jpg
23.53333,rgb_0/0000000706.jpg
23.56667,rgb_0/0000000707.jpg
23.60000,rgb_0/0000000708.jpg
23.63333,rgb_0/0000000709.jpg
23.66667,rgb_0/0000000710.jpg
23.70000,rgb_0/0000000711.jpg
23.73333,rgb_0/0000000712.jpg
23.76667,rgb_0/0000000713.jpg
23.80000,rgb_0/0000000714.jpg
23.83333,rgb_0/0000000715.jpg
23.86667,rgb_0/0000000716.jpg
23.90000,rgb_0/0000000717.jpg
23.93333,rgb_0/0000000718.jpg
23.96667,rgb_0/0000000719.jpg
24.00000,rgb_0/0000000720.jpg
24.03333,rgb_0/0000000721.jpg
24.06667,rgb_0/0000000722.jpg
24.10000,rgb_0/0000000723.jpg
24.13333,rgb_0/0000000724.jpg
24.16667,rgb_0/0000000725.jpg
24.20000,rgb_0/0000000726.jpg
24.23333,rgb_0/0000000727.jpg
24.26667,rgb_0/0000000728.jpg
24.30000,rgb_0/0000000729.jpg
24.33333,rgb_0/0000000730.jpg
24.36667,rgb_0/0000000731.jpg
24.40000,rgb_0/0000000732.jpg
24.43333,rgb_0/0000000733.jpg
24.46667,rgb_0/0000000734.jpg
24.50000,rgb_0/0000000735.jpg
24.53333,rgb_0/0000000736.jpg
24.56667,rgb_0/0000000737.jpg
24.60000,rgb_0/0000000738.jpg
24.63333,rgb_0/0000000739.jpg
24.66667,rgb_0/0000000740.jpg
24.70000,rgb_0/0000000741.jpg
24.73333,rgb_0/0000000742.jpg
24.76667,rgb_0/0000000743.jpg
24.80000,rgb_0/0000000744.jpg
24.83333,rgb_0/0000000745.jpg
24.86667,rgb_0/0000000746.jpg
24.90000,rgb_0/0000000747.jpg
24.93333,rgb_0/0000000748.jpg
24.96667,rgb_0/0000000749.jpg
25.00000,rgb_0/0000000750.jpg
25.03333,rgb_0/0000000751.jpg
25.06667,rgb_0/0000000752.jpg
25.10000,rgb_0/0000000753.jpg
25.13333,rgb_0/0000000754.jpg
25.16667,rgb_0/0000000755.jpg
25.20000,rgb_0/0000000756.jpg
25.23333,rgb_0/0000000757.jpg
25.26667,rgb_0/0000000758.jpg
25.30000,rgb_0/0000000759.jpg
25.33333,rgb_0/0000000760.jpg
25.36667,rgb_0/0000000761.jpg
25.40000,rgb_0/0000000762.jpg
25.43333,rgb_0/0000000763.jpg
25.46667,rgb_0/0000000764.jpg
25.50000,rgb_0/0000000765.jpg
25.53333,rgb_0/0000000766.jpg
25.56667,rgb_0/0000000767.jpg
25.60000,rgb_0/0000000768.jpg
25.63333,rgb_0/0000000769.jpg
25.66667,rgb_0/0000000770.jpg
25.70000,rgb_0/0000000771.jpg
25.73333,rgb_0/0000000772.jpg
25.76667,rgb_0/0000000773.jpg
25.80000,rgb_0/0000000774.jpg
25.83333,rgb_0/0000000775.jpg
25.86667,rgb_0/0000000776.jpg
25.90000,rgb_0/0000000777.jpg
25.93333,rgb_0/0000000778.jpg
25.96667,rgb_0/0000000779.jpg
26.00000,rgb_0/0000000780.jpg
26.03333,rgb_0/0000000781.jpg
26.06667,rgb_0/0000000782.jpg
26.10000,rgb_0/0000000783.jpg
26.13333,rgb_0/0000000784.jpg
26.16667,rgb_0/0000000785.jpg
26.20000,rgb_0/0000000786.jpg
26.23333,rgb_0/0000000787.jpg
26.26667,rgb_0/0000000788.jpg
26.30000,rgb_0/0000000789.jpg
26.33333,rgb_0/0000000790.jpg
26.36667,rgb_0/0000000791.jpg
26.40000,rgb_0/0000000792.jpg
26.43333,rgb_0/0000000793.jpg
26.46667,rgb_0/0000000794.jpg
26.50000,rgb_0/0000000795.jpg
26.53333,rgb_0/0000000796.jpg
26.56667,rgb_0/0000000797.jpg
26.60000,rgb_0/0000000798.jpg
26.63333,rgb_0/0000000799.jpg
26.66667,rgb_0/0000000800.jpg
26.70000,rgb_0/0000000801.jpg
26.73333,rgb_0/0000000802.jpg
26.76667,rgb_0/0000000803.jpg
26.80000,rgb_0/0000000804.jpg
26.83333,rgb_0/0000000805.jpg
26.86667,rgb_0/0000000806.jpg
26.90000,rgb_0/0000000807.jpg
26.93333,rgb_0/0000000808.jpg
26.96667,rgb_0/0000000809.jpg
27.00000,rgb_0/0000000810.jpg
27.03333,rgb_0/0000000811.jpg
27.06667,rgb_0/0000000812.jpg
27.10000,rgb_0/0000000813.jpg
27.13333,rgb_0/0000000814.jpg
27.16667,rgb_0/0000000815.jpg
27.20000,rgb_0/0000000816.jpg
27.23333,rgb_0/0000000817.jpg
27.26667,rgb_0/0000000818.jpg
27.30000,rgb_0/0000000819.jpg
27.33333,rgb_0/0000000820.jpg
27.36667,rgb_0/0000000821.jpg
27.40000,rgb_0/0000000822.jpg
27.43333,rgb_0/0000000823.jpg
27.46667,rgb_0/0000000824.jpg
27.50000,rgb_0/0000000825.jpg
27.53333,rgb_0/0000000826.jpg
27.56667,rgb_0/0000000827.jpg
27.60000,rgb_0/0000000828.jpg
27.63333,rgb_0/0000000829.jpg
27.66667,rgb_0/0000000830.jpg
27.70000,rgb_0/0000000831.jpg
27.73333,rgb_0/0000000832.jpg
27.76667,rgb_0/0000000833.jpg
27.80000,rgb_0/0000000834.jpg
27.83333,rgb_0/0000000835.jpg
27.86667,rgb_0/0000000836.jpg
27.90000,rgb_0/0000000837.jpg
27.93333,rgb_0/0000000838.jpg
27.96667,rgb_0/0000000839.jpg
28.00000,rgb_0/0000000840.jpg
28.03333,rgb_0/0000000841.jpg
28.06667,rgb_0/0000000842.jpg
28.10000,rgb_0/0000000843.jpg
28.13333,rgb_0/0000000844.jpg
28.16667,rgb_0/0000000845.jpg
28.20000,rgb_0/0000000846.jpg
28.23333,rgb_0/0000000847.jpg
28.26667,rgb_0/0000000848.jpg
28.30000,rgb_0/0000000849.jpg
28.33333,rgb_0/0000000850.jpg
28.36667,rgb_0/0000000851.jpg
28.40000,rgb_0/0000000852.jpg
28.43333,rgb_0/0000000853.jpg
28.46667,rgb_0/0000000854.jpg
28.50000,rgb_0/0000000855.jpg
28.53333,rgb_0/0000000856.jpg
28.56667,rgb_0/0000000857.jpg
28.60000,rgb_0/0000000858.jpg
28.63333,rgb_0/0000000859.jpg
28.66667,rgb_0/0000000860.jpg
28.70000,rgb_0/0000000861.jpg
28.73333,rgb_0/0000000862.jpg
28.76667,rgb_0/0000000863.jpg
28.80000,rgb_0/0000000864.jpg
28.83333,rgb_0/0000000865.jpg
28.86667,rgb_0/0000000866.jpg
28.90000,rgb_0/0000000867.jpg
28.93333,rgb_0/0000000868.jpg
28.96667,rgb_0/0000000869.jpg
29.00000,rgb_0/0000000870.jpg
29.03333,rgb_0/0000000871.jpg
29.06667,rgb_0/0000000872.jpg
29.10000,rgb_0/0000000873.jpg
29.13333,rgb_0/0000000874.jpg
29.16667,rgb_0/0000000875.jpg
29.20000,rgb_0/0000000876.jpg
29.23333,rgb_0/0000000877.jpg
29.26667,rgb_0/0000000878.jpg
29.30000,rgb_0/0000000879.jpg
29.33333,rgb_0/0000000880.jpg
29.36667,rgb_0/0000000881.jpg
29.40000,rgb_0/0000000882.jpg
29.43333,rgb_0/0000000883.jpg
29.46667,rgb_0/0000000884.jpg
29.50000,rgb_0/0000000885.jpg
29.53333,rgb_0/0000000886.jpg
29.56667,rgb_0/0000000887.jpg
29.60000,rgb_0/0000000888.jpg
29.63333,rgb_0/0000000889.jpg
29.66667,rgb_0/0000000890.jpg
29.70000,rgb_0/0000000891.jpg
29.73333,rgb_0/0000000892.jpg
29.76667,rgb_0/0000000893.jpg
29.80000,rgb_0/0000000894.jpg
29.83333,rgb_0/0000000895.jpg
29.86667,rgb_0/0000000896.jpg
29.90000,rgb_0/0000000897.jpg
29.93333,rgb_0/0000000898.jpg
29.96667,rgb_0/0000000899.jpg
30.00000,rgb_0/0000000900.jpg
30.03333,rgb_0/0000000901.jpg
30.06667,rgb_0/0000000902.jpg
30.10000,rgb_0/0000000903.jpg
30.13333,rgb_0/0000000904.jpg
30.16667,rgb_0/0000000905.jpg
30.20000,rgb_0/0000000906.jpg
30.23333,rgb_0/0000000907.jpg
30.26667,rgb_0/0000000908.jpg
30.30000,rgb_0/0000000909.jpg
30.33333,rgb_0/0000000910.jpg
30.36667,rgb_0/0000000911.jpg
30.40000,rgb_0/0000000912.jpg
30.43333,rgb_0/0000000913.jpg
30.46667,rgb_0/0000000914.jpg
30.50000,rgb_0/0000000915.jpg
30.53333,rgb_0/0000000916.jpg
30.56667,rgb_0/0000000917.jpg
30.60000,rgb_0/0000000918.jpg
30.63333,rgb_0/0000000919.jpg
30.66667,rgb_0/0000000920.jpg
30.70000,rgb_0/0000000921.jpg
30.73333,rgb_0/0000000922.jpg
30.76667,rgb_0/0000000923.jpg
30.80000,rgb_0/0000000924.jpg
30.83333,rgb_0/0000000925.jpg
30.86667,rgb_0/0000000926.jpg
30.90000,rgb_0/0000000927.jpg
30.93333,rgb_0/0000000928.jpg
30.96667,rgb_0/0000000929.jpg
31.00000,rgb_0/0000000930.jpg
31.03333,rgb_0/0000000931.jpg
31.06667,rgb_0/0000000932.jpg
31.10000,rgb_0/0000000933.jpg
31.13333,rgb_0/0000000934.jpg
31.16667,rgb_0/0000000935.jpg
31.20000,rgb_0/0000000936.jpg
31.23333,rgb_0/0000000937.jpg
31.26667,rgb_0/0000000938.jpg
31.30000,rgb_0/0000000939.jpg
31.33333,rgb_0/0000000940.jpg
31.36667,rgb_0/0000000941.jpg
31.40000,rgb_0/0000000942.jpg
31.43333,rgb_0/0000000943.jpg
31.46667,rgb_0/0000000944.jpg
31.50000,rgb_0/0000000945.jpg
31.53333,rgb_0/0000000946.jpg
31.56667,rgb_0/0000000947.jpg
31.60000,rgb_0/0000000948.jpg
31.63333,rgb_0/0000000949.jpg
31.66667,rgb_0/0000000950.jpg
31.70000,rgb_0/0000000951.jpg
31.73333,rgb_0/0000000952.jpg
31.76667,rgb_0/0000000953.jpg
31.80000,rgb_0/0000000954.jpg
31.83333,rgb_0/0000000955.jpg
31.86667,rgb_0/0000000956.jpg
31.90000,rgb_0/0000000957.jpg
31.93333,rgb_0/0000000958.jpg
31.96667,rgb_0/0000000959.jpg
32.00000,rgb_0/0000000960.jpg
32.03333,rgb_0/0000000961.jpg
32.06667,rgb_0/0000000962.jpg
32.10000,rgb_0/0000000963.jpg
32.13333,rgb_0/0000000964.jpg
32.16667,rgb_0/0000000965.jpg
32.20000,rgb_0/0000000966.jpg
32.23333,rgb_0/0000000967.jpg
32.26667,rgb_0/0000000968.jpg
32.30000,rgb_0/0000000969.jpg
32.33333,rgb_0/0000000970.jpg
32.36667,rgb_0/0000000971.jpg
32.40000,rgb_0/0000000972.jpg
32.43333,rgb_0/0000000973.jpg
32.46667,rgb_0/0000000974.jpg
32.50000,rgb_0/0000000975.jpg
32.53333,rgb_0/0000000976.jpg
32.56667,rgb_0/0000000977.jpg
32.60000,rgb_0/0000000978.jpg
32.63333,rgb_0/0000000979.jpg
32.66667,rgb_0/0000000980.jpg
32.70000,rgb_0/0000000981.jpg
32.73333,rgb_0/0000000982.jpg
32.76667,rgb_0/0000000983.jpg
32.80000,rgb_0/0000000984.jpg
32.83333,rgb_0/0000000985.jpg
32.86667,rgb_0/0000000986.jpg
32.90000,rgb_0/0000000987.jpg
32.93333,rgb_0/0000000988.jpg
32.96667,rgb_0/0000000989.jpg
33.00000,rgb_0/0000000990.jpg
33.03333,rgb_0/0000000991.jpg
33.06667,rgb_0/0000000992.jpg
33.10000,rgb_0/0000000993.jpg
33.13333,rgb_0/0000000994.jpg
33.16667,rgb_0/0000000995.jpg
33.20000,rgb_0/0000000996.jpg
33.23333,rgb_0/0000000997.jpg
33.26667,rgb_0/0000000998.jpg
33.30000,rgb_0/0000000999.jpg
33.33333,rgb_0/0000001000.jpg
33.36667,rgb_0/0000001001.jpg
33.40000,rgb_0/0000001002.jpg
33.43333,rgb_0/0000001003.jpg
33.46667,rgb_0/0000001004.jpg
33.50000,rgb_0/0000001005.jpg
33.53333,rgb_0/0000001006.jpg
33.56667,rgb_0/0000001007.jpg
33.60000,rgb_0/0000001008.jpg
33.63333,rgb_0/0000001009.jpg
33.66667,rgb_0/0000001010.jpg
33.70000,rgb_0/0000001011.jpg
33.73333,rgb_0/0000001012.jpg
33.76667,rgb_0/0000001013.jpg
33.80000,rgb_0/0000001014.jpg
33.83333,rgb_0/0000001015.jpg
33.86667,rgb_0/0000001016.jpg
33.90000,rgb_0/0000001017.jpg
33.93333,rgb_0/0000001018.jpg
33.96667,rgb_0/0000001019.jpg
34.00000,rgb_0/0000001020.jpg
34.03333,rgb_0/0000001021.jpg
34.06667,rgb_0/0000001022.jpg
34.10000,rgb_0/0000001023.jpg
34.13333,rgb_0/0000001024.jpg
34.16667,rgb_0/0000001025.jpg
34.20000,rgb_0/0000001026.jpg
34.23333,rgb_0/0000001027.jpg
34.26667,rgb_0/0000001028.jpg
34.30000,rgb_0/0000001029.jpg
34.33333,rgb_0/0000001030.jpg
34.36667,rgb_0/0000001031.jpg
34.40000,rgb_0/0000001032.jpg
34.43333,rgb_0/0000001033.jpg
34.46667,rgb_0/0000001034.jpg
34.50000,rgb_0/0000001035.jpg
34.53333,rgb_0/0000001036.jpg
34.56667,rgb_0/0000001037.jpg
34.60000,rgb_0/0000001038.jpg
34.63333,rgb_0/0000001039.jpg
34.66667,rgb_0/0000001040.jpg
34.70000,rgb_0/0000001041.jpg
34.73333,rgb_0/0000001042.jpg
34.76667,rgb_0/0000001043.jpg
34.80000,rgb_0/0000001044.jpg
34.83333,rgb_0/0000001045.jpg
34.86667,rgb_0/0000001046.jpg
34.90000,rgb_0/0000001047.jpg
34.93333,rgb_0/0000001048.jpg
34.96667,rgb_0/0000001049.jpg
35.00000,rgb_0/0000001050.jpg
35.03333,rgb_0/0000001051.jpg
35.06667,rgb_0/0000001052.jpg
35.10000,rgb_0/0000001053.jpg
35.13333,rgb_0/0000001054.jpg
35.16667,rgb_0/0000001055.jpg
35.20000,rgb_0/0000001056.jpg
35.23333,rgb_0/0000001057.jpg
